participant_id,variant_a_completed,variant_b_completed,timestamp
P_20261003_085342,True,True,2026-10-03T09:17:02.529962
P_20261005_040530,True,True,2026-10-05T04:16:14.690944
P_20261005_070332,True,True,2026-10-05T07:11:03.392822
P_20261005_105715,True,True,2026-10-05T11:46:11.228199
P_20261005_115120,True,True,2026-10-05T13:41:03.398063
P_20261005_155222,True,True,2026-10-05T16:07:20.273850
P_20261005_212120,True,True,2026-10-05T21:36:53.829227
P_20261006_165607,True,True,2026-10-06T17:08:52.080348
P_20261006_174954,True,False,2026-10-06T18:02:28.797895
P-12345,False,True,2026-10-06T18:33:50.035315
P_20261006_192539,True,True,2026-10-06T19:38:38.402020
P_20261007_034444,True,True,2026-10-07T03:50:53.721911
P_20261007_170406,False,True,2026-10-07T17:11:02.137352
P_20261007_173243,True,False,2026-10-07T17:42:09.072976
P_20261007_211027,True,True,2026-10-07T21:24:55.966979
