participant_id,condition,task_case_id,confidence_1,confidence_2,confidence_3,confidence_4,confidence_mean,timestamp
P001,variant_a,high_risk_1,4,4,4,4,4.0,2026-09-30T11:49:13.946757
P001,variant_a,medium_risk_4,5,5,5,4,4.75,2026-09-30T11:49:48.826465
P001,variant_a,low_risk_7,5,5,5,4,4.75,2026-09-30T11:50:22.028567
P001,variant_b,high_risk_2,4,4,4,4,4.0,2026-09-30T11:55:37.255229
P001,variant_b,medium_risk_5,4,5,5,4,4.5,2026-09-30T11:56:30.970213
P001,variant_b,low_risk_8,4,5,4,5,4.5,2026-09-30T11:57:29.684430
P002,variant_a,high_risk_1,4,4,4,4,4.0,2026-09-30T13:01:52.314021
P002,variant_a,medium_risk_4,5,5,4,5,4.75,2026-09-30T13:03:31.411153
P002,variant_a,low_risk_7,5,4,4,5,4.5,2026-09-30T13:04:36.194418
P002,variant_b,high_risk_2,4,5,5,5,4.75,2026-09-30T13:16:25.928566
P002,variant_b,medium_risk_5,4,4,4,4,4.0,2026-09-30T13:20:44.982215
P002,variant_b,low_risk_8,3,3,3,3,3.0,2026-09-30T13:23:33.388622
P003,variant_a,high_risk_1,5,5,4,4,4.5,2026-09-30T14:02:46.913903
P003,variant_a,medium_risk_4,5,5,4,4,4.5,2026-09-30T14:03:57.547902
P003,variant_a,low_risk_7,4,5,4,4,4.25,2026-09-30T14:04:30.085266
P003,variant_b,high_risk_2,5,5,5,5,5.0,2026-09-30T14:14:33.981810
P003,variant_b,medium_risk_5,4,4,4,4,4.0,2026-09-30T14:15:30.551080
P003,variant_b,low_risk_8,4,4,4,4,4.0,2026-09-30T14:16:33.312665
