participant_id,age_group,gender,education_level,role,years_experience,familiarity_with_analytics,timestamp
P001,30-39,Male,Master's degree,lecturer,11-15 years,1,2026-09-30T11:48:22.377992
P002,40-49,Male,Doctoral degree (PhD/EdD),Lecturer,6-10 years,5,2026-09-30T13:00:15.287326
P003,40-49,Male,Master's degree,lecturer,3-5 years,5,2026-09-30T13:59:01.563294
P_20261003_085342,18-29,Male,Bachelor's degree,tutor,3-5 years,5,2026-10-03T08:55:25.754081
P_20261004_184136,18-29,Male,Master's degree,Graduate student,0-2 years,1,2026-10-04T18:42:11.351421
P_20261005_040530,18-29,Male,Master's degree,Graduate student,0-2 years,1,2026-10-05T04:05:49.562396
P_20261005_070332,30-39,Male,Bachelor's degree,Academic tutor,6-10 years,5,2026-10-05T07:04:19.605873
P_20261005_105715,50-59,Male,Master's degree,lecturer,16+ years,5,2026-10-05T11:00:25.589354
P_20261005_111253,40-49,Male,Master's degree,Academic  tutor,16+ years,1,2026-10-05T11:14:59.139629
P_20261005_115120,40-49,Male,Master's degree,Academic Tutor,16+ years,1,2026-10-05T11:52:18.398694
