participant_id,condition,item_1,item_2,item_3,item_4,item_5,item_6,item_7,item_8,item_9,item_10,sus_score,timestamp
P001,variant_a,5,3,1,2,4,1,5,2,4,4,67.5,2026-09-30T11:51:48.277487
P001,variant_b,4,2,5,4,4,5,4,3,4,4,57.5,2026-09-30T11:59:03.412635
P002,variant_a,4,2,5,2,4,2,4,2,5,1,82.5,2026-09-30T13:06:55.257437
P002,variant_b,4,2,4,2,4,3,5,1,4,2,77.5,2026-09-30T13:25:47.344863
P003,variant_a,5,2,4,2,4,2,4,2,4,4,72.5,2026-09-30T14:06:54.667392
P003,variant_b,5,2,3,2,5,3,4,3,4,4,67.5,2026-09-30T14:17:50.114670
P_20261003_085342,variant_a,3,4,2,4,3,2,3,2,3,1,52.5,2026-10-03T09:02:01.898623
P_20261003_085342,variant_b,4,3,3,3,2,2,3,3,4,2,57.5,2026-10-03T09:15:15.613837
P_20261003_122900,variant_a,1,4,4,5,1,5,1,5,1,5,10.0,2026-10-03T12:36:33.500096
P_20261003_122900,variant_a,1,5,5,5,1,5,1,5,1,5,10.0,2026-10-03T12:40:57.384785
P_20261003_174717,variant_a,4,4,2,3,4,3,4,3,4,3,55.0,2026-10-03T17:51:45.330353
P_20261003_174717,variant_a,4,4,3,3,3,3,3,3,4,3,52.5,2026-10-03T17:54:00.224449
P_20261003_174717,variant_a,4,4,3,3,4,2,3,3,4,4,55.0,2026-10-03T18:18:03.003734
P_20261003_174717,variant_b,4,4,3,4,5,4,4,5,4,4,47.5,2026-10-03T18:24:18.419546
