participant_id,condition,trust_1,trust_2,trust_3,trust_4,trust_5,trust_mean,timestamp
P001,variant_a,4,5,4,5,4,4.4,2026-09-30T11:52:27.202145
P001,variant_b,4,4,4,4,5,4.2,2026-09-30T12:00:30.725332
P002,variant_a,4,4,4,4,4,4.0,2026-09-30T13:07:56.381200
P002,variant_b,4,4,3,4,4,3.8,2026-09-30T13:26:55.038506
P003,variant_a,5,4,3,4,4,4.0,2026-09-30T14:08:19.009915
P003,variant_b,4,4,4,5,4,4.2,2026-09-30T14:18:28.704193
P_20261003_085342,variant_a,3,3,1,3,2,2.4,2026-10-03T09:02:42.540616
P_20261003_085342,variant_b,3,3,4,3,4,3.4,2026-10-03T09:15:26.668113
P_20261003_122900,variant_a,1,1,1,1,1,1.0,2026-10-03T12:37:37.771230
P_20261003_122900,variant_a,1,1,1,1,1,1.0,2026-10-03T12:41:46.687954
P_20261003_174717,variant_a,5,4,3,3,4,3.8,2026-10-03T17:51:58.203871
P_20261003_174717,variant_a,3,3,3,3,3,3.0,2026-10-03T17:54:18.457026
P_20261003_174717,variant_a,4,4,3,4,3,3.6,2026-10-03T18:19:36.843997
P_20261003_174717,variant_b,5,4,4,4,4,4.2,2026-10-03T18:25:28.989390
