participant_id,condition,understanding_1,understanding_2,understanding_3,understanding_4,understanding_5,understanding_mean,timestamp
P001,variant_a,4,4,4,5,4,4.2,2026-09-30T11:52:58.564379
P001,variant_b,4,5,4,5,4,4.4,2026-09-30T12:01:52.658171
P002,variant_a,4,4,4,5,5,4.4,2026-09-30T13:09:07.390272
P002,variant_b,1,1,1,1,1,1.0,2026-09-30T13:26:58.193991
P003,variant_a,3,3,4,4,4,3.6,2026-09-30T14:09:23.592802
P003,variant_b,2,3,4,4,4,3.4,2026-09-30T14:19:27.541785
P_20261003_085342,variant_a,1,2,2,1,1,1.4,2026-10-03T09:03:35.786745
P_20261003_085342,variant_b,4,3,4,5,5,4.2,2026-10-03T09:17:01.235194
P_20261005_040530,variant_a,1,1,1,1,1,1.0,2026-10-05T04:09:12.917134
P_20261005_040530,variant_b,1,1,1,1,4,1.6,2026-10-05T04:16:12.232066
P_20261005_070332,variant_a,1,1,1,1,1,1.0,2026-10-05T07:08:03.688114
P_20261005_070332,variant_b,5,5,5,5,5,5.0,2026-10-05T07:11:01.931542
P_20261005_105715,variant_a,2,4,3,1,3,2.6,2026-10-05T11:25:33.915242
P_20261005_105715,variant_b,4,4,3,4,4,3.8,2026-10-05T11:46:09.861599
